Area,Year,Temperature Change
Antarctica,1961,0.16899999999999996
Antarctica,1962,-0.285
Antarctica,1963,0.3016666666666666
Antarctica,1964,-0.3894166666666667
Antarctica,1965,-0.08441666666666671
Antarctica,1966,-0.15891666666666662
Antarctica,1967,0.0805833333333333
Antarctica,1968,-0.21250000000000002
Antarctica,1969,-0.18158333333333335
Antarctica,1970,-0.07650000000000001
Antarctica,1971,0.3628333333333333
Antarctica,1972,0.45141666666666663
Antarctica,1973,-0.036083333333333356
Antarctica,1974,0.4855833333333333
Antarctica,1975,-0.005249999999999991
Antarctica,1976,-0.5019166666666667
Antarctica,1977,0.01700000000000008
Antarctica,1978,-0.10841666666666668
Antarctica,1979,-0.142
Antarctica,1980,0.6730833333333334
Antarctica,1981,0.5318333333333334
Antarctica,1982,0.07391666666666669
Antarctica,1983,-0.9083333333333333
Antarctica,1984,0.43999999999999995
Antarctica,1985,-0.16408333333333333
Antarctica,1986,-0.17566666666666672
Antarctica,1987,-0.6594166666666667
Antarctica,1988,0.9083333333333333
Antarctica,1989,-0.17008333333333325
Antarctica,1990,0.29725
Antarctica,1991,0.6236666666666667
Antarctica,1992,0.21575
Antarctica,1993,-0.8419166666666666
Antarctica,1994,-0.23724999999999996
Antarctica,1995,-0.16166666666666668
Antarctica,1996,0.8294166666666666
Antarctica,1997,-0.6023333333333333
Antarctica,1998,-0.5501666666666667
Antarctica,1999,-0.7796666666666666
Antarctica,2000,-0.5335
Antarctica,2001,-0.014250000000000004
Antarctica,2002,1.0499166666666666
Antarctica,2003,-0.16774999999999998
Antarctica,2004,0.13549999999999998
Antarctica,2005,0.9604166666666667
Antarctica,2006,-0.38591666666666663
Antarctica,2007,0.7360833333333333
Antarctica,2008,0.6573333333333334
Antarctica,2009,1.3633333333333333
Antarctica,2010,0.7851666666666666
Antarctica,2011,0.7174999999999999
Antarctica,2012,-0.08108333333333333
Antarctica,2013,1.6686666666666667
Antarctica,2014,0.45766666666666667
Antarctica,2015,-0.1641666666666667
Antarctica,2016,0.3621666666666667
Antarctica,2017,0.64525
Antarctica,2018,1.6449999999999998
Antarctica,2019,0.51575
Belarus,1961,
Belarus,1962,
Belarus,1963,
Belarus,1964,
Belarus,1965,
Belarus,1966,
Belarus,1967,
Belarus,1968,
Belarus,1969,
Belarus,1970,
Belarus,1971,
Belarus,1972,
Belarus,1973,
Belarus,1974,
Belarus,1975,
Belarus,1976,
Belarus,1977,
Belarus,1978,
Belarus,1979,
Belarus,1980,
Belarus,1981,
Belarus,1982,
Belarus,1983,
Belarus,1984,
Belarus,1985,
Belarus,1986,
Belarus,1987,
Belarus,1988,
Belarus,1989,
Belarus,1990,
Belarus,1991,
Belarus,1992,1.2728333333333335
Belarus,1993,0.1596666666666667
Belarus,1994,0.8730000000000001
Belarus,1995,1.16925
Belarus,1996,-0.22033333333333338
Belarus,1997,0.4741666666666666
Belarus,1998,0.6803333333333333
Belarus,1999,1.8398333333333332
Belarus,2000,2.035833333333333
Belarus,2001,1.2394166666666668
Belarus,2002,1.7725833333333334
Belarus,2003,0.7839166666666667
Belarus,2004,0.9733333333333333
Belarus,2005,1.072
Belarus,2006,1.0533333333333335
Belarus,2007,2.0550833333333336
Belarus,2008,2.2495833333333333
Belarus,2009,1.3310833333333332
Belarus,2010,1.1880833333333334
Belarus,2011,1.671833333333333
Belarus,2012,0.9385
Belarus,2013,1.667
Belarus,2014,1.9449166666666668
Belarus,2015,2.57
Belarus,2016,1.9076666666666666
Belarus,2017,1.7741666666666667
Belarus,2018,2.1031666666666666
Belarus,2019,2.9815
Belgium,1961,
Belgium,1962,
Belgium,1963,
Belgium,1964,
Belgium,1965,
Belgium,1966,
Belgium,1967,
Belgium,1968,
Belgium,1969,
Belgium,1970,
Belgium,1971,
Belgium,1972,
Belgium,1973,
Belgium,1974,
Belgium,1975,
Belgium,1976,
Belgium,1977,
Belgium,1978,
Belgium,1979,
Belgium,1980,
Belgium,1981,
Belgium,1982,
Belgium,1983,
Belgium,1984,
Belgium,1985,
Belgium,1986,
Belgium,1987,
Belgium,1988,
Belgium,1989,
Belgium,1990,
Belgium,1991,
Belgium,1992,
Belgium,1993,
Belgium,1994,
Belgium,1995,
Belgium,1996,
Belgium,1997,
Belgium,1998,
Belgium,1999,
Belgium,2000,1.5810833333333332
Belgium,2001,1.0746666666666667
Belgium,2002,1.5656666666666668
Belgium,2003,1.498
Belgium,2004,0.97675
Belgium,2005,1.2186666666666668
Belgium,2006,1.6160833333333333
Belgium,2007,1.7001666666666668
Belgium,2008,1.1500833333333333
Belgium,2009,1.1690833333333333
Belgium,2010,-0.07425
Belgium,2011,1.85475
Belgium,2012,1.0341666666666667
Belgium,2013,0.5406666666666666
Belgium,2014,2.3419166666666666
Belgium,2015,1.7399166666666666
Belgium,2016,1.4685833333333334
Belgium,2017,1.7495
Belgium,2018,2.31
Belgium,2019,2.071
Bosnia and Herzegovina,1961,
Bosnia and Herzegovina,1962,
Bosnia and Herzegovina,1963,
Bosnia and Herzegovina,1964,
Bosnia and Herzegovina,1965,
Bosnia and Herzegovina,1966,
Bosnia and Herzegovina,1967,
Bosnia and Herzegovina,1968,
Bosnia and Herzegovina,1969,
Bosnia and Herzegovina,1970,
Bosnia and Herzegovina,1971,
Bosnia and Herzegovina,1972,
Bosnia and Herzegovina,1973,
Bosnia and Herzegovina,1974,
Bosnia and Herzegovina,1975,
Bosnia and Herzegovina,1976,
Bosnia and Herzegovina,1977,
Bosnia and Herzegovina,1978,
Bosnia and Herzegovina,1979,
Bosnia and Herzegovina,1980,
Bosnia and Herzegovina,1981,
Bosnia and Herzegovina,1982,
Bosnia and Herzegovina,1983,
Bosnia and Herzegovina,1984,
Bosnia and Herzegovina,1985,
Bosnia and Herzegovina,1986,
Bosnia and Herzegovina,1987,
Bosnia and Herzegovina,1988,
Bosnia and Herzegovina,1989,
Bosnia and Herzegovina,1990,
Bosnia and Herzegovina,1991,
Bosnia and Herzegovina,1992,0.8853333333333334
Bosnia and Herzegovina,1993,0.4663333333333333
Bosnia and Herzegovina,1994,1.63025
Bosnia and Herzegovina,1995,0.32883333333333326
Bosnia and Herzegovina,1996,-0.1660833333333334
Bosnia and Herzegovina,1997,0.30550000000000005
Bosnia and Herzegovina,1998,0.7164166666666668
Bosnia and Herzegovina,1999,0.9175833333333333
Bosnia and Herzegovina,2000,1.7224166666666667
Bosnia and Herzegovina,2001,1.0049166666666667
Bosnia and Herzegovina,2002,1.5235
Bosnia and Herzegovina,2003,1.1101666666666665
Bosnia and Herzegovina,2004,0.6861666666666667
Bosnia and Herzegovina,2005,0.020166666666666656
Bosnia and Herzegovina,2006,0.7805833333333334
Bosnia and Herzegovina,2007,1.67
Bosnia and Herzegovina,2008,1.63575
Bosnia and Herzegovina,2009,1.4265
Bosnia and Herzegovina,2010,0.86625
Bosnia and Herzegovina,2011,1.3345833333333335
Bosnia and Herzegovina,2012,1.6070833333333334
Bosnia and Herzegovina,2013,1.5194166666666666
Bosnia and Herzegovina,2014,1.9136666666666666
Bosnia and Herzegovina,2015,1.8413333333333333
Bosnia and Herzegovina,2016,1.55675
Bosnia and Herzegovina,2017,1.5417500000000002
Bosnia and Herzegovina,2018,2.2561666666666667
Bosnia and Herzegovina,2019,2.2235833333333335
Central Asia,1961,
Central Asia,1962,
Central Asia,1963,
Central Asia,1964,
Central Asia,1965,
Central Asia,1966,
Central Asia,1967,
Central Asia,1968,
Central Asia,1969,
Central Asia,1970,
Central Asia,1971,
Central Asia,1972,
Central Asia,1973,
Central Asia,1974,
Central Asia,1975,
Central Asia,1976,
Central Asia,1977,
Central Asia,1978,
Central Asia,1979,
Central Asia,1980,
Central Asia,1981,
Central Asia,1982,
Central Asia,1983,
Central Asia,1984,
Central Asia,1985,
Central Asia,1986,
Central Asia,1987,
Central Asia,1988,
Central Asia,1989,
Central Asia,1990,
Central Asia,1991,
Central Asia,1992,0.29716666666666663
Central Asia,1993,-0.6073333333333334
Central Asia,1994,0.20624999999999996
Central Asia,1995,1.6859166666666665
Central Asia,1996,-0.12766666666666668
Central Asia,1997,1.4856666666666667
Central Asia,1998,0.8795000000000001
Central Asia,1999,1.4339166666666667
Central Asia,2000,1.3519166666666667
Central Asia,2001,1.4048333333333334
Central Asia,2002,1.6812500000000001
Central Asia,2003,0.7035833333333333
Central Asia,2004,1.9279166666666667
Central Asia,2005,1.5685833333333334
Central Asia,2006,1.4749999999999999
Central Asia,2007,1.7348333333333334
Central Asia,2008,1.4629166666666666
Central Asia,2009,1.1311666666666667
Central Asia,2010,1.5515833333333333
Central Asia,2011,0.541
Central Asia,2012,0.8048333333333333
Central Asia,2013,2.1367499999999997
Central Asia,2014,0.5020833333333333
Central Asia,2015,1.8588333333333333
Central Asia,2016,1.9498333333333333
Central Asia,2017,1.66375
Central Asia,2018,0.816
Central Asia,2019,1.8825
Chile,1961,-0.312
Chile,1962,0.28725
Chile,1963,-0.030749999999999996
Chile,1964,-0.2001666666666667
Chile,1965,0.03241666666666667
Chile,1966,-0.11591666666666665
Chile,1967,-0.04099999999999999
Chile,1968,0.349
Chile,1969,0.25566666666666665
Chile,1970,0.10491666666666667
Chile,1971,-0.3675833333333333
Chile,1972,0.022499999999999992
Chile,1973,-0.16458333333333333
Chile,1974,-0.16174999999999998
Chile,1975,-0.14883333333333335
Chile,1976,-0.24516666666666664
Chile,1977,0.3289166666666667
Chile,1978,0.3005833333333333
Chile,1979,0.2654166666666667
Chile,1980,0.3016666666666667
Chile,1981,0.3406666666666667
Chile,1982,0.4215
Chile,1983,0.5924166666666667
Chile,1984,-0.2065
Chile,1985,0.32775
Chile,1986,0.07891666666666668
Chile,1987,0.5651666666666667
Chile,1988,0.0315
Chile,1989,0.35966666666666663
Chile,1990,0.13741666666666666
Chile,1991,-0.0043333333333333375
Chile,1992,-0.04133333333333334
Chile,1993,0.14025
Chile,1994,0.25766666666666665
Chile,1995,-0.05583333333333334
Chile,1996,0.10966666666666668
Chile,1997,0.691
Chile,1998,0.6058333333333333
Chile,1999,0.16391666666666668
Chile,2000,-0.25933333333333336
Chile,2001,0.10508333333333332
Chile,2002,-0.022666666666666665
Chile,2003,0.20733333333333334
Chile,2004,0.5276666666666666
Chile,2005,0.083
Chile,2006,0.4810833333333333
Chile,2007,-0.34641666666666665
Chile,2008,0.49591666666666673
Chile,2009,0.2855833333333333
Chile,2010,-0.1225
Chile,2011,0.25775
Chile,2012,0.43575
Chile,2013,0.41825
Chile,2014,0.30425
Chile,2015,0.7384166666666667
Chile,2016,0.8594166666666667
Chile,2017,0.6670833333333333
Chile,2018,0.33916666666666667
Chile,2019,0.46925
Croatia,1961,
Croatia,1962,
Croatia,1963,
Croatia,1964,
Croatia,1965,
Croatia,1966,
Croatia,1967,
Croatia,1968,
Croatia,1969,
Croatia,1970,
Croatia,1971,
Croatia,1972,
Croatia,1973,
Croatia,1974,
Croatia,1975,
Croatia,1976,
Croatia,1977,
Croatia,1978,
Croatia,1979,
Croatia,1980,
Croatia,1981,
Croatia,1982,
Croatia,1983,
Croatia,1984,
Croatia,1985,
Croatia,1986,
Croatia,1987,
Croatia,1988,
Croatia,1989,
Croatia,1990,
Croatia,1991,
Croatia,1992,1.0189166666666667
Croatia,1993,0.5474166666666667
Croatia,1994,1.6746666666666667
Croatia,1995,0.4000000000000001
Croatia,1996,-0.15824999999999992
Croatia,1997,0.5020833333333333
Croatia,1998,0.8161666666666667
Croatia,1999,0.9369999999999999
Croatia,2000,1.8173333333333332
Croatia,2001,1.0819166666666666
Croatia,2002,1.6035000000000001
Croatia,2003,1.27925
Croatia,2004,0.7131666666666666
Croatia,2005,0.14825000000000002
Croatia,2006,0.9360833333333334
Croatia,2007,1.7331666666666665
Croatia,2008,1.6530833333333332
Croatia,2009,1.4858333333333336
Croatia,2010,0.718
Croatia,2011,1.4915
Croatia,2012,1.6689166666666668
Croatia,2013,1.4505833333333333
Croatia,2014,2.0589999999999997
Croatia,2015,1.9491666666666667
Croatia,2016,1.6555
Croatia,2017,1.61625
Croatia,2018,2.27325
Croatia,2019,2.29775
Czechia,1961,
Czechia,1962,
Czechia,1963,
Czechia,1964,
Czechia,1965,
Czechia,1966,
Czechia,1967,
Czechia,1968,
Czechia,1969,
Czechia,1970,
Czechia,1971,
Czechia,1972,
Czechia,1973,
Czechia,1974,
Czechia,1975,
Czechia,1976,
Czechia,1977,
Czechia,1978,
Czechia,1979,
Czechia,1980,
Czechia,1981,
Czechia,1982,
Czechia,1983,
Czechia,1984,
Czechia,1985,
Czechia,1986,
Czechia,1987,
Czechia,1988,
Czechia,1989,
Czechia,1990,
Czechia,1991,
Czechia,1992,
Czechia,1993,0.4975
Czechia,1994,1.7916666666666667
Czechia,1995,0.7297500000000001
Czechia,1996,-0.7395833333333334
Czechia,1997,0.5669166666666667
Czechia,1998,1.0488333333333333
Czechia,1999,1.25275
Czechia,2000,2.024
Czechia,2001,0.8478333333333333
Czechia,2002,1.6324166666666666
Czechia,2003,1.2538333333333334
Czechia,2004,0.8069166666666666
Czechia,2005,0.6798333333333333
Czechia,2006,1.256
Czechia,2007,1.9295
Czechia,2008,1.7459166666666668
Czechia,2009,1.2996666666666667
Czechia,2010,0.1085833333333333
Czechia,2011,1.59975
Czechia,2012,1.3410833333333334
Czechia,2013,1.0103333333333333
Czechia,2014,2.4787500000000002
Czechia,2015,2.3385833333333337
Czechia,2016,1.7475833333333333
Czechia,2017,1.66225
Czechia,2018,2.7001666666666666
Czechia,2019,2.6229999999999998
Czechoslovakia,1961,0.76825
Czechoslovakia,1962,-0.7331666666666666
Czechoslovakia,1963,-0.7332500000000001
Czechoslovakia,1964,-0.35741666666666666
Czechoslovakia,1965,-0.8769166666666668
Czechoslovakia,1966,0.6476666666666667
Czechoslovakia,1967,0.6844166666666666
Czechoslovakia,1968,0.20283333333333334
Czechoslovakia,1969,-0.3501666666666667
Czechoslovakia,1970,-0.3605833333333333
Czechoslovakia,1971,0.19358333333333333
Czechoslovakia,1972,0.15933333333333333
Czechoslovakia,1973,0.013583333333333336
Czechoslovakia,1974,0.6925833333333333
Czechoslovakia,1975,0.8434166666666667
Czechoslovakia,1976,-0.06541666666666666
Czechoslovakia,1977,0.49866666666666665
Czechoslovakia,1978,-0.51225
Czechoslovakia,1979,0.10258333333333332
Czechoslovakia,1980,-0.8945833333333333
Czechoslovakia,1981,0.19241666666666668
Czechoslovakia,1982,0.6139166666666667
Czechoslovakia,1983,0.9590833333333334
Czechoslovakia,1984,-0.09825
Czechoslovakia,1985,-0.7244166666666668
Czechoslovakia,1986,-0.02900000000000005
Czechoslovakia,1987,-0.5274166666666666
Czechoslovakia,1988,0.5785833333333333
Czechoslovakia,1989,1.1758333333333333
Czechoslovakia,1990,1.1307500000000001
Czechoslovakia,1991,-0.007666666666666673
Czechoslovakia,1992,1.1823333333333335
Czechoslovakia,1993,
Czechoslovakia,1994,
Czechoslovakia,1995,
Czechoslovakia,1996,
Czechoslovakia,1997,
Czechoslovakia,1998,
Czechoslovakia,1999,
Czechoslovakia,2000,
Czechoslovakia,2001,
Czechoslovakia,2002,
Czechoslovakia,2003,
Czechoslovakia,2004,
Czechoslovakia,2005,
Czechoslovakia,2006,
Czechoslovakia,2007,
Czechoslovakia,2008,
Czechoslovakia,2009,
Czechoslovakia,2010,
Czechoslovakia,2011,
Czechoslovakia,2012,
Czechoslovakia,2013,
Czechoslovakia,2014,
Czechoslovakia,2015,
Czechoslovakia,2016,
Czechoslovakia,2017,
Czechoslovakia,2018,
Czechoslovakia,2019,
Estonia,1961,
Estonia,1962,
Estonia,1963,
Estonia,1964,
Estonia,1965,
Estonia,1966,
Estonia,1967,
Estonia,1968,
Estonia,1969,
Estonia,1970,
Estonia,1971,
Estonia,1972,
Estonia,1973,
Estonia,1974,
Estonia,1975,
Estonia,1976,
Estonia,1977,
Estonia,1978,
Estonia,1979,
Estonia,1980,
Estonia,1981,
Estonia,1982,
Estonia,1983,
Estonia,1984,
Estonia,1985,
Estonia,1986,
Estonia,1987,
Estonia,1988,
Estonia,1989,
Estonia,1990,
Estonia,1991,
Estonia,1992,1.655
Estonia,1993,0.39425
Estonia,1994,0.4582499999999999
Estonia,1995,1.3293333333333335
Estonia,1996,-0.20183333333333334
Estonia,1997,1.0440833333333333
Estonia,1998,0.617
Estonia,1999,1.6674999999999998
Estonia,2000,2.2425833333333336
Estonia,2001,1.2019166666666667
Estonia,2002,1.42125
Estonia,2003,0.9294166666666667
Estonia,2004,1.224
Estonia,2005,1.3447500000000001
Estonia,2006,1.7905833333333334
Estonia,2007,2.079
Estonia,2008,2.4968333333333335
Estonia,2009,1.2830000000000001
Estonia,2010,0.25783333333333336
Estonia,2011,2.0905833333333335
Estonia,2012,0.8135833333333333
Estonia,2013,1.8229166666666667
Estonia,2014,2.2283333333333335
Estonia,2015,2.685333333333334
Estonia,2016,1.7134166666666666
Estonia,2017,1.596
Estonia,2018,2.2285
Estonia,2019,2.5295
Ethiopia PDR,1961,-0.17716666666666667
Ethiopia PDR,1962,-0.10108333333333334
Ethiopia PDR,1963,0.11808333333333333
Ethiopia PDR,1964,-0.44458333333333333
Ethiopia PDR,1965,-0.24
Ethiopia PDR,1966,0.06033333333333332
Ethiopia PDR,1967,-0.43425
Ethiopia PDR,1968,-0.39599999999999996
Ethiopia PDR,1969,0.28541666666666665
Ethiopia PDR,1970,0.31825
Ethiopia PDR,1971,-0.40441666666666665
Ethiopia PDR,1972,0.164
Ethiopia PDR,1973,0.41575
Ethiopia PDR,1974,-0.17333333333333334
Ethiopia PDR,1975,-0.12666666666666668
Ethiopia PDR,1976,0.09749999999999999
Ethiopia PDR,1977,0.11775000000000001
Ethiopia PDR,1978,0.13733333333333334
Ethiopia PDR,1979,0.4779166666666667
Ethiopia PDR,1980,0.6505
Ethiopia PDR,1981,0.27108333333333334
Ethiopia PDR,1982,0.050083333333333334
Ethiopia PDR,1983,0.17633333333333334
Ethiopia PDR,1984,0.5853333333333334
Ethiopia PDR,1985,0.43274999999999997
Ethiopia PDR,1986,0.19025
Ethiopia PDR,1987,0.56575
Ethiopia PDR,1988,0.8239166666666667
Ethiopia PDR,1989,0.11541666666666667
Ethiopia PDR,1990,0.7003333333333334
Ethiopia PDR,1991,0.43233333333333335
Ethiopia PDR,1992,0.15222222222222223
Ethiopia PDR,1993,
Ethiopia PDR,1994,
Ethiopia PDR,1995,
Ethiopia PDR,1996,
Ethiopia PDR,1997,
Ethiopia PDR,1998,
Ethiopia PDR,1999,
Ethiopia PDR,2000,
Ethiopia PDR,2001,
Ethiopia PDR,2002,
Ethiopia PDR,2003,
Ethiopia PDR,2004,
Ethiopia PDR,2005,
Ethiopia PDR,2006,
Ethiopia PDR,2007,
Ethiopia PDR,2008,
Ethiopia PDR,2009,
Ethiopia PDR,2010,
Ethiopia PDR,2011,
Ethiopia PDR,2012,
Ethiopia PDR,2013,
Ethiopia PDR,2014,
Ethiopia PDR,2015,
Ethiopia PDR,2016,
Ethiopia PDR,2017,
Ethiopia PDR,2018,
Ethiopia PDR,2019,
Falkland Islands (Malvinas),1961,-0.2549166666666666
Falkland Islands (Malvinas),1962,0.40924999999999995
Falkland Islands (Malvinas),1963,-0.18658333333333332
Falkland Islands (Malvinas),1964,-0.29741666666666666
Falkland Islands (Malvinas),1965,0.11924999999999998
Falkland Islands (Malvinas),1966,-0.4890833333333333
Falkland Islands (Malvinas),1967,0.07758333333333334
Falkland Islands (Malvinas),1968,0.18591666666666665
Falkland Islands (Malvinas),1969,-0.20575000000000002
Falkland Islands (Malvinas),1970,0.13591666666666666
Falkland Islands (Malvinas),1971,-0.30575
Falkland Islands (Malvinas),1972,-0.2724166666666667
Falkland Islands (Malvinas),1973,0.11925000000000001
Falkland Islands (Malvinas),1974,0.18591666666666665
Falkland Islands (Malvinas),1975,0.002583333333333345
Falkland Islands (Malvinas),1976,-0.30575
Falkland Islands (Malvinas),1977,0.20258333333333334
Falkland Islands (Malvinas),1978,0.16924999999999998
Falkland Islands (Malvinas),1979,0.6359166666666667
Falkland Islands (Malvinas),1980,0.13591666666666666
Falkland Islands (Malvinas),1981,0.2025833333333333
Falkland Islands (Malvinas),1982,1.382
Falkland Islands (Malvinas),1983,
Falkland Islands (Malvinas),1984,
Falkland Islands (Malvinas),1985,
Falkland Islands (Malvinas),1986,
Falkland Islands (Malvinas),1987,
Falkland Islands (Malvinas),1988,
Falkland Islands (Malvinas),1989,
Falkland Islands (Malvinas),1990,
Falkland Islands (Malvinas),1991,
Falkland Islands (Malvinas),1992,
Falkland Islands (Malvinas),1993,
Falkland Islands (Malvinas),1994,
Falkland Islands (Malvinas),1995,
Falkland Islands (Malvinas),1996,
Falkland Islands (Malvinas),1997,
Falkland Islands (Malvinas),1998,
Falkland Islands (Malvinas),1999,
Falkland Islands (Malvinas),2000,
Falkland Islands (Malvinas),2001,
Falkland Islands (Malvinas),2002,
Falkland Islands (Malvinas),2003,
Falkland Islands (Malvinas),2004,
Falkland Islands (Malvinas),2005,
Falkland Islands (Malvinas),2006,
Falkland Islands (Malvinas),2007,
Falkland Islands (Malvinas),2008,
Falkland Islands (Malvinas),2009,
Falkland Islands (Malvinas),2010,
Falkland Islands (Malvinas),2011,
Falkland Islands (Malvinas),2012,
Falkland Islands (Malvinas),2013,
Falkland Islands (Malvinas),2014,
Falkland Islands (Malvinas),2015,
Falkland Islands (Malvinas),2016,
Falkland Islands (Malvinas),2017,
Falkland Islands (Malvinas),2018,
Falkland Islands (Malvinas),2019,
India,1961,-0.4330833333333333
India,1962,-0.4218333333333333
India,1963,-0.009999999999999997
India,1964,-0.04308333333333334
India,1965,-0.03641666666666667
India,1966,0.2594166666666667
India,1967,-0.138
India,1968,-0.2851666666666667
India,1969,0.32783333333333337
India,1970,-0.04124999999999998
India,1971,-0.46375000000000005
India,1972,0.09991666666666667
India,1973,0.23408333333333334
India,1974,-0.009833333333333324
India,1975,-0.29975
India,1976,0.08558333333333333
India,1977,0.11974999999999998
India,1978,-0.18058333333333335
India,1979,0.3185
India,1980,0.36041666666666666
India,1981,-0.005583333333333332
India,1982,-0.00966666666666668
India,1983,-0.27641666666666664
India,1984,-0.10558333333333335
India,1985,0.1711666666666667
India,1986,0.05891666666666665
India,1987,0.53175
India,1988,0.45658333333333334
India,1989,-0.1485
India,1990,-0.09766666666666668
India,1991,0.067
India,1992,-0.024416666666666666
India,1993,0.13641666666666666
India,1994,-0.004083333333333325
India,1995,0.19258333333333333
India,1996,0.17225000000000001
India,1997,-0.16333333333333333
India,1998,0.52325
India,1999,0.37949999999999995
India,2000,0.29641666666666666
India,2001,0.4250833333333333
India,2002,0.7755000000000001
India,2003,0.50975
India,2004,0.5140833333333333
India,2005,0.40875
India,2006,0.6550833333333334
India,2007,0.47608333333333336
India,2008,0.26108333333333333
India,2009,0.977
India,2010,0.92925
India,2011,0.29558333333333336
India,2012,0.3719166666666667
India,2013,0.2694166666666667
India,2014,0.39091666666666663
India,2015,0.6753333333333332
India,2016,0.9863333333333334
India,2017,0.8368333333333333
India,2018,0.7120833333333333
India,2019,0.6746666666666666
Kazakhstan,1961,
Kazakhstan,1962,
Kazakhstan,1963,
Kazakhstan,1964,
Kazakhstan,1965,
Kazakhstan,1966,
Kazakhstan,1967,
Kazakhstan,1968,
Kazakhstan,1969,
Kazakhstan,1970,
Kazakhstan,1971,
Kazakhstan,1972,
Kazakhstan,1973,
Kazakhstan,1974,
Kazakhstan,1975,
Kazakhstan,1976,
Kazakhstan,1977,
Kazakhstan,1978,
Kazakhstan,1979,
Kazakhstan,1980,
Kazakhstan,1981,
Kazakhstan,1982,
Kazakhstan,1983,
Kazakhstan,1984,
Kazakhstan,1985,
Kazakhstan,1986,
Kazakhstan,1987,
Kazakhstan,1988,
Kazakhstan,1989,
Kazakhstan,1990,
Kazakhstan,1991,
Kazakhstan,1992,0.38683333333333336
Kazakhstan,1993,-0.6934999999999999
Kazakhstan,1994,0.17700000000000002
Kazakhstan,1995,1.963
Kazakhstan,1996,-0.18400000000000002
Kazakhstan,1997,1.5911666666666664
Kazakhstan,1998,0.8310833333333334
Kazakhstan,1999,1.5220833333333335
Kazakhstan,2000,1.3945
Kazakhstan,2001,1.3885833333333333
Kazakhstan,2002,1.8795000000000002
Kazakhstan,2003,0.75475
Kazakhstan,2004,2.0481666666666665
Kazakhstan,2005,1.67025
Kazakhstan,2006,1.5436666666666667
Kazakhstan,2007,1.9177499999999998
Kazakhstan,2008,1.742
Kazakhstan,2009,1.1328333333333334
Kazakhstan,2010,1.4660833333333334
Kazakhstan,2011,0.43616666666666665
Kazakhstan,2012,0.9034166666666668
Kazakhstan,2013,2.32825
Kazakhstan,2014,0.5078333333333334
Kazakhstan,2015,1.9788333333333332
Kazakhstan,2016,1.9076666666666666
Kazakhstan,2017,1.7297500000000001
Kazakhstan,2018,0.4988333333333334
Kazakhstan,2019,1.8645833333333333
Latvia,1961,
Latvia,1962,
Latvia,1963,
Latvia,1964,
Latvia,1965,
Latvia,1966,
Latvia,1967,
Latvia,1968,
Latvia,1969,
Latvia,1970,
Latvia,1971,
Latvia,1972,
Latvia,1973,
Latvia,1974,
Latvia,1975,
Latvia,1976,
Latvia,1977,
Latvia,1978,
Latvia,1979,
Latvia,1980,
Latvia,1981,
Latvia,1982,
Latvia,1983,
Latvia,1984,
Latvia,1985,
Latvia,1986,
Latvia,1987,
Latvia,1988,
Latvia,1989,
Latvia,1990,
Latvia,1991,
Latvia,1992,1.5961666666666667
Latvia,1993,0.33725000000000005
Latvia,1994,0.6507499999999999
Latvia,1995,1.2081666666666666
Latvia,1996,-0.3365000000000001
Latvia,1997,0.9189166666666667
Latvia,1998,0.6828333333333334
Latvia,1999,1.7581666666666667
Latvia,2000,2.14875
Latvia,2001,1.202
Latvia,2002,1.6120833333333333
Latvia,2003,0.9474999999999999
Latvia,2004,1.0443333333333333
Latvia,2005,1.0950833333333334
Latvia,2006,1.5961666666666667
Latvia,2007,1.95375
Latvia,2008,2.318583333333333
Latvia,2009,1.23225
Latvia,2010,0.37900000000000006
Latvia,2011,1.8780000000000001
Latvia,2012,0.8201666666666666
Latvia,2013,1.6325
Latvia,2014,2.0818333333333334
Latvia,2015,2.476
Latvia,2016,1.7448333333333332
Latvia,2017,1.5721666666666667
Latvia,2018,2.170166666666667
Latvia,2019,2.7551666666666663
Lithuania,1961,
Lithuania,1962,
Lithuania,1963,
Lithuania,1964,
Lithuania,1965,
Lithuania,1966,
Lithuania,1967,
Lithuania,1968,
Lithuania,1969,
Lithuania,1970,
Lithuania,1971,
Lithuania,1972,
Lithuania,1973,
Lithuania,1974,
Lithuania,1975,
Lithuania,1976,
Lithuania,1977,
Lithuania,1978,
Lithuania,1979,
Lithuania,1980,
Lithuania,1981,
Lithuania,1982,
Lithuania,1983,
Lithuania,1984,
Lithuania,1985,
Lithuania,1986,
Lithuania,1987,
Lithuania,1988,
Lithuania,1989,
Lithuania,1990,
Lithuania,1991,
Lithuania,1992,1.5115
Lithuania,1993,0.31175
Lithuania,1994,0.8501666666666665
Lithuania,1995,1.0770000000000002
Lithuania,1996,-0.49174999999999996
Lithuania,1997,0.7589166666666666
Lithuania,1998,0.7180833333333334
Lithuania,1999,1.72575
Lithuania,2000,2.1467500000000004
Lithuania,2001,1.1971666666666667
Lithuania,2002,1.7518333333333336
Lithuania,2003,0.8889999999999999
Lithuania,2004,0.9057499999999999
Lithuania,2005,0.956
Lithuania,2006,1.4071666666666667
Lithuania,2007,1.9136666666666666
Lithuania,2008,2.1805833333333333
Lithuania,2009,1.1315833333333334
Lithuania,2010,0.4028333333333334
Lithuania,2011,1.6705833333333333
Lithuania,2012,0.8158333333333333
Lithuania,2013,1.4798333333333336
Lithuania,2014,1.9883333333333333
Lithuania,2015,2.395916666666667
Lithuania,2016,1.7614999999999998
Lithuania,2017,1.6295
Lithuania,2018,2.2623333333333333
Lithuania,2019,2.9130000000000003
Luxembourg,1961,
Luxembourg,1962,
Luxembourg,1963,
Luxembourg,1964,
Luxembourg,1965,
Luxembourg,1966,
Luxembourg,1967,
Luxembourg,1968,
Luxembourg,1969,
Luxembourg,1970,
Luxembourg,1971,
Luxembourg,1972,
Luxembourg,1973,
Luxembourg,1974,
Luxembourg,1975,
Luxembourg,1976,
Luxembourg,1977,
Luxembourg,1978,
Luxembourg,1979,
Luxembourg,1980,
Luxembourg,1981,
Luxembourg,1982,
Luxembourg,1983,
Luxembourg,1984,
Luxembourg,1985,
Luxembourg,1986,
Luxembourg,1987,
Luxembourg,1988,
Luxembourg,1989,
Luxembourg,1990,
Luxembourg,1991,
Luxembourg,1992,
Luxembourg,1993,
Luxembourg,1994,
Luxembourg,1995,
Luxembourg,1996,
Luxembourg,1997,
Luxembourg,1998,
Luxembourg,1999,
Luxembourg,2000,1.7769166666666667
Luxembourg,2001,1.1255
Luxembourg,2002,1.59175
Luxembourg,2003,1.6435000000000002
Luxembourg,2004,0.8725833333333334
Luxembourg,2005,1.1600833333333334
Luxembourg,2006,1.60825
Luxembourg,2007,1.7306666666666668
Luxembourg,2008,1.1956666666666667
Luxembourg,2009,1.2068333333333334
Luxembourg,2010,0.0040833333333334014
Luxembourg,2011,1.9070833333333332
Luxembourg,2012,1.1405
Luxembourg,2013,0.6428333333333334
Luxembourg,2014,2.3996666666666666
Luxembourg,2015,1.90025
Luxembourg,2016,1.4741666666666668
Luxembourg,2017,1.7313333333333334
Luxembourg,2018,2.5909166666666668
Luxembourg,2019,2.19125
Marshall Islands,1961,
Marshall Islands,1962,
Marshall Islands,1963,
Marshall Islands,1964,
Marshall Islands,1965,
Marshall Islands,1966,
Marshall Islands,1967,
Marshall Islands,1968,
Marshall Islands,1969,
Marshall Islands,1970,
Marshall Islands,1971,
Marshall Islands,1972,
Marshall Islands,1973,
Marshall Islands,1974,
Marshall Islands,1975,
Marshall Islands,1976,
Marshall Islands,1977,
Marshall Islands,1978,
Marshall Islands,1979,
Marshall Islands,1980,
Marshall Islands,1981,
Marshall Islands,1982,
Marshall Islands,1983,
Marshall Islands,1984,
Marshall Islands,1985,
Marshall Islands,1986,
Marshall Islands,1987,
Marshall Islands,1988,
Marshall Islands,1989,
Marshall Islands,1990,
Marshall Islands,1991,-0.0295
Marshall Islands,1992,0.06458333333333333
Marshall Islands,1993,-0.13241666666666665
Marshall Islands,1994,0.15658333333333332
Marshall Islands,1995,-0.035083333333333334
Marshall Islands,1996,0.017666666666666664
Marshall Islands,1997,-0.11499999999999999
Marshall Islands,1998,-0.11266666666666665
Marshall Islands,1999,-0.39875
Marshall Islands,2000,-0.26358333333333334
Marshall Islands,2001,-0.012083333333333335
Marshall Islands,2002,0.08816666666666667
Marshall Islands,2003,0.09391666666666666
Marshall Islands,2004,0.20533333333333334
Marshall Islands,2005,0.12433333333333334
Marshall Islands,2006,0.07683333333333334
Marshall Islands,2007,0.06466666666666666
Marshall Islands,2008,-0.24949999999999997
Marshall Islands,2009,0.09166666666666667
Marshall Islands,2010,0.17466666666666666
Marshall Islands,2011,0.011333333333333325
Marshall Islands,2012,0.35850000000000004
Marshall Islands,2013,0.37091666666666673
Marshall Islands,2014,0.4291666666666667
Marshall Islands,2015,0.3094166666666667
Marshall Islands,2016,0.5615833333333333
Marshall Islands,2017,0.42175
Marshall Islands,2018,0.22958333333333333
Marshall Islands,2019,0.4191666666666667
Midway Island,1961,0.21675
Midway Island,1962,0.2125
Midway Island,1963,0.6359166666666667
Midway Island,1964,0.4250833333333333
Midway Island,1965,-0.3393333333333333
Midway Island,1966,0.05666666666666668
Midway Island,1967,0.5599999999999999
Midway Island,1968,-0.217
Midway Island,1969,-0.28950000000000004
Midway Island,1970,0.08016666666666666
Midway Island,1971,-0.20441666666666666
Midway Island,1972,
Midway Island,1973,0.10991666666666668
Midway Island,1974,0.19041666666666668
Midway Island,1975,0.06208333333333333
Midway Island,1976,-0.507
Midway Island,1977,-0.8874444444444445
Midway Island,1978,-0.7833333333333333
Midway Island,1979,
Midway Island,1980,
Midway Island,1981,
Midway Island,1982,
Midway Island,1983,
Midway Island,1984,
Midway Island,1985,
Midway Island,1986,
Midway Island,1987,
Midway Island,1988,
Midway Island,1989,
Midway Island,1990,
Midway Island,1991,
Midway Island,1992,
Midway Island,1993,
Midway Island,1994,
Midway Island,1995,
Midway Island,1996,
Midway Island,1997,
Midway Island,1998,
Midway Island,1999,
Midway Island,2000,
Midway Island,2001,
Midway Island,2002,
Midway Island,2003,
Midway Island,2004,
Midway Island,2005,
Midway Island,2006,
Midway Island,2007,
Midway Island,2008,
Midway Island,2009,
Midway Island,2010,
Midway Island,2011,
Midway Island,2012,
Midway Island,2013,
Midway Island,2014,
Midway Island,2015,
Midway Island,2016,
Midway Island,2017,
Midway Island,2018,
Midway Island,2019,
Montenegro,1961,
Montenegro,1962,
Montenegro,1963,
Montenegro,1964,
Montenegro,1965,
Montenegro,1966,
Montenegro,1967,
Montenegro,1968,
Montenegro,1969,
Montenegro,1970,
Montenegro,1971,
Montenegro,1972,
Montenegro,1973,
Montenegro,1974,
Montenegro,1975,
Montenegro,1976,
Montenegro,1977,
Montenegro,1978,
Montenegro,1979,
Montenegro,1980,
Montenegro,1981,
Montenegro,1982,
Montenegro,1983,
Montenegro,1984,
Montenegro,1985,
Montenegro,1986,
Montenegro,1987,
Montenegro,1988,
Montenegro,1989,
Montenegro,1990,
Montenegro,1991,
Montenegro,1992,
Montenegro,1993,
Montenegro,1994,
Montenegro,1995,
Montenegro,1996,
Montenegro,1997,
Montenegro,1998,
Montenegro,1999,
Montenegro,2000,
Montenegro,2001,
Montenegro,2002,
Montenegro,2003,
Montenegro,2004,
Montenegro,2005,
Montenegro,2006,0.5694166666666666
Montenegro,2007,1.5584166666666668
Montenegro,2008,1.5509166666666667
Montenegro,2009,1.3023333333333333
Montenegro,2010,1.1239166666666667
Montenegro,2011,1.0991666666666666
Montenegro,2012,1.5020833333333332
Montenegro,2013,1.6153333333333333
Montenegro,2014,1.675
Montenegro,2015,1.6955833333333334
Montenegro,2016,1.4491666666666667
Montenegro,2017,1.45325
Montenegro,2018,2.2216666666666667
Montenegro,2019,2.0863333333333336
Nauru,1961,-0.34925
Nauru,1962,
Nauru,1963,
Nauru,1964,
Nauru,1965,
Nauru,1966,-0.45325
Nauru,1967,
Nauru,1968,
Nauru,1969,
Nauru,1970,
Nauru,1971,-0.18860000000000002
Nauru,1972,
Nauru,1973,0.5175555555555555
Nauru,1974,0.2293333333333333
Nauru,1975,-0.11233333333333334
Nauru,1976,-0.21280000000000002
Nauru,1977,-0.43074999999999997
Nauru,1978,0.28058333333333335
Nauru,1979,0.14325
Nauru,1980,0.02108333333333334
Nauru,1981,0.11858333333333333
Nauru,1982,-0.40408333333333335
Nauru,1983,-0.11080000000000001
Nauru,1984,-0.2515454545454545
Nauru,1985,-0.19824999999999995
Nauru,1986,-0.08025
Nauru,1987,
Nauru,1988,-0.052125
Nauru,1989,0.05175
Nauru,1990,-0.28658333333333336
Nauru,1991,-0.10658333333333332
Nauru,1992,-0.5690833333333333
Nauru,1993,-0.032
Nauru,1994,
Nauru,1995,
Nauru,1996,
Nauru,1997,
Nauru,1998,
Nauru,1999,
Nauru,2000,
Nauru,2001,
Nauru,2002,
Nauru,2003,
Nauru,2004,
Nauru,2005,
Nauru,2006,
Nauru,2007,
Nauru,2008,
Nauru,2009,
Nauru,2010,
Nauru,2011,
Nauru,2012,
Nauru,2013,
Nauru,2014,
Nauru,2015,
Nauru,2016,
Nauru,2017,
Nauru,2018,
Nauru,2019,
Nepal,1961,-0.14533333333333331
Nepal,1962,-0.27775
Nepal,1963,-0.13533333333333333
Nepal,1964,0.12749999999999997
Nepal,1965,-0.4423333333333333
Nepal,1966,0.27775
Nepal,1967,-0.22599999999999998
Nepal,1968,-0.4384166666666667
Nepal,1969,0.14241666666666666
Nepal,1970,0.03383333333333335
Nepal,1971,-0.5326666666666667
Nepal,1972,-0.008500000000000006
Nepal,1973,0.18583333333333332
Nepal,1974,0.10666666666666667
Nepal,1975,-0.049249999999999995
Nepal,1976,0.020583333333333325
Nepal,1977,0.02933333333333331
Nepal,1978,-0.39575
Nepal,1979,0.28550000000000003
Nepal,1980,0.24408333333333335
Nepal,1981,-0.12383333333333335
Nepal,1982,-0.11608333333333333
Nepal,1983,-0.48266666666666674
Nepal,1984,0.04224999999999999
Nepal,1985,0.33158333333333334
Nepal,1986,-0.1975
Nepal,1987,0.31224999999999997
Nepal,1988,0.5335833333333334
Nepal,1989,-0.132
Nepal,1990,0.002583333333333345
Nepal,1991,-0.09566666666666668
Nepal,1992,-0.15383333333333335
Nepal,1993,-0.22125000000000003
Nepal,1994,0.023999999999999994
Nepal,1995,0.23941666666666664
Nepal,1996,0.06633333333333334
Nepal,1997,-0.488
Nepal,1998,0.38491666666666663
Nepal,1999,0.7463333333333333
Nepal,2000,0.15274999999999997
Nepal,2001,0.4639166666666667
Nepal,2002,0.6225
Nepal,2003,0.29875
Nepal,2004,0.5233333333333333
Nepal,2005,0.7140833333333333
Nepal,2006,0.9738333333333333
Nepal,2007,0.5086666666666667
Nepal,2008,0.4684166666666667
Nepal,2009,1.1144166666666666
Nepal,2010,1.21825
Nepal,2011,0.32158333333333333
Nepal,2012,0.45841666666666664
Nepal,2013,0.29625
Nepal,2014,0.2805
Nepal,2015,0.7166666666666667
Nepal,2016,1.18375
Nepal,2017,1.14225
Nepal,2018,0.5241666666666667
Nepal,2019,0.5230833333333333
Niue,1961,0.18358333333333335
Niue,1962,-0.3480833333333333
Niue,1963,-0.4414166666666666
Niue,1964,0.12108333333333332
Niue,1965,-0.50475
Niue,1966,-0.39225
Niue,1967,-0.26558333333333334
Niue,1968,-0.18542857142857144
Niue,1969,
Niue,1970,
Niue,1971,
Niue,1972,-0.077
Niue,1973,0.6852499999999999
Niue,1974,0.06358333333333334
Niue,1975,0.1640909090909091
Niue,1976,0.11525
Niue,1977,0.3219166666666667
Niue,1978,0.19858333333333333
Niue,1979,0.20691666666666667
Niue,1980,0.15191666666666667
Niue,1981,0.06525000000000002
Niue,1982,0.10191666666666667
Niue,1983,0.5135833333333334
Niue,1984,0.5310833333333334
Niue,1985,0.34025
Niue,1986,0.20108333333333336
Niue,1987,0.29044444444444445
Niue,1988,0.6727500000000001
Niue,1989,0.21524999999999997
Niue,1990,0.5886363636363636
Niue,1991,0.6610833333333334
Niue,1992,0.3385833333333333
Niue,1993,0.71
Niue,1994,
Niue,1995,
Niue,1996,
Niue,1997,
Niue,1998,
Niue,1999,
Niue,2000,
Niue,2001,
Niue,2002,
Niue,2003,
Niue,2004,
Niue,2005,
Niue,2006,
Niue,2007,
Niue,2008,
Niue,2009,
Niue,2010,
Niue,2011,
Niue,2012,
Niue,2013,
Niue,2014,
Niue,2015,
Niue,2016,
Niue,2017,
Niue,2018,
Niue,2019,
Pacific Islands Trust Territory,1961,-0.003583333333333339
Pacific Islands Trust Territory,1962,0.03991666666666666
Pacific Islands Trust Territory,1963,0.12433333333333334
Pacific Islands Trust Territory,1964,-0.11216666666666668
Pacific Islands Trust Territory,1965,-0.19041666666666668
Pacific Islands Trust Territory,1966,0.08575
Pacific Islands Trust Territory,1967,-0.062
Pacific Islands Trust Territory,1968,-0.030333333333333334
Pacific Islands Trust Territory,1969,-0.04008333333333334
Pacific Islands Trust Territory,1970,0.11233333333333333
Pacific Islands Trust Territory,1971,-0.24666666666666667
Pacific Islands Trust Territory,1972,-0.15025
Pacific Islands Trust Territory,1973,0.03183333333333333
Pacific Islands Trust Territory,1974,-0.13883333333333334
Pacific Islands Trust Territory,1975,-0.31975
Pacific Islands Trust Territory,1976,-0.28125
Pacific Islands Trust Territory,1977,0.07233333333333333
Pacific Islands Trust Territory,1978,0.063
Pacific Islands Trust Territory,1979,0.15658333333333332
Pacific Islands Trust Territory,1980,0.22791666666666666
Pacific Islands Trust Territory,1981,0.15525
Pacific Islands Trust Territory,1982,0.08375
Pacific Islands Trust Territory,1983,0.1950833333333333
Pacific Islands Trust Territory,1984,0.14533333333333334
Pacific Islands Trust Territory,1985,-0.034833333333333334
Pacific Islands Trust Territory,1986,0.17866666666666667
Pacific Islands Trust Territory,1987,0.21075
Pacific Islands Trust Territory,1988,0.24583333333333332
Pacific Islands Trust Territory,1989,0.15225
Pacific Islands Trust Territory,1990,0.350625
Pacific Islands Trust Territory,1991,
Pacific Islands Trust Territory,1992,
Pacific Islands Trust Territory,1993,
Pacific Islands Trust Territory,1994,
Pacific Islands Trust Territory,1995,
Pacific Islands Trust Territory,1996,
Pacific Islands Trust Territory,1997,
Pacific Islands Trust Territory,1998,
Pacific Islands Trust Territory,1999,
Pacific Islands Trust Territory,2000,
Pacific Islands Trust Territory,2001,
Pacific Islands Trust Territory,2002,
Pacific Islands Trust Territory,2003,
Pacific Islands Trust Territory,2004,
Pacific Islands Trust Territory,2005,
Pacific Islands Trust Territory,2006,
Pacific Islands Trust Territory,2007,
Pacific Islands Trust Territory,2008,
Pacific Islands Trust Territory,2009,
Pacific Islands Trust Territory,2010,
Pacific Islands Trust Territory,2011,
Pacific Islands Trust Territory,2012,
Pacific Islands Trust Territory,2013,
Pacific Islands Trust Territory,2014,
Pacific Islands Trust Territory,2015,
Pacific Islands Trust Territory,2016,
Pacific Islands Trust Territory,2017,
Pacific Islands Trust Territory,2018,
Pacific Islands Trust Territory,2019,
Pakistan,1961,-0.24166666666666667
Pakistan,1962,-0.28875
Pakistan,1963,0.5371666666666667
Pakistan,1964,-0.545
Pakistan,1965,-0.19858333333333333
Pakistan,1966,-0.1345833333333333
Pakistan,1967,-0.29516666666666663
Pakistan,1968,-0.3709166666666666
Pakistan,1969,0.38075
Pakistan,1970,0.5291666666666667
Pakistan,1971,0.2961666666666667
Pakistan,1972,-0.6318333333333334
Pakistan,1973,0.03700000000000001
Pakistan,1974,-0.22083333333333333
Pakistan,1975,-0.47174999999999995
Pakistan,1976,-0.3600833333333333
Pakistan,1977,0.48900000000000005
Pakistan,1978,-0.03358333333333333
Pakistan,1979,-0.12533333333333338
Pakistan,1980,0.3765
Pakistan,1981,0.25733333333333336
Pakistan,1982,-0.574
Pakistan,1983,-0.4995
Pakistan,1984,-0.27133333333333337
Pakistan,1985,0.19758333333333333
Pakistan,1986,-0.5046666666666667
Pakistan,1987,0.22799999999999998
Pakistan,1988,0.7038333333333333
Pakistan,1989,-0.457
Pakistan,1990,0.2768333333333333
Pakistan,1991,-0.25466666666666665
Pakistan,1992,-0.41358333333333325
Pakistan,1993,0.30675
Pakistan,1994,-0.014583333333333311
Pakistan,1995,-0.18658333333333332
Pakistan,1996,-0.23224999999999998
Pakistan,1997,-0.47841666666666666
Pakistan,1998,0.5353333333333333
Pakistan,1999,0.6835
Pakistan,2000,0.6197499999999999
Pakistan,2001,0.7923333333333332
Pakistan,2002,0.79725
Pakistan,2003,0.3733333333333333
Pakistan,2004,0.9605833333333335
Pakistan,2005,0.007666666666666652
Pakistan,2006,0.8617499999999999
Pakistan,2007,0.5685833333333333
Pakistan,2008,0.37200000000000005
Pakistan,2009,0.9175
Pakistan,2010,1.0613333333333335
Pakistan,2011,0.7718333333333334
Pakistan,2012,0.16158333333333333
Pakistan,2013,0.6794166666666667
Pakistan,2014,0.29591666666666666
Pakistan,2015,0.512
Pakistan,2016,1.3575833333333334
Pakistan,2017,0.9241666666666667
Pakistan,2018,1.2974166666666667
Pakistan,2019,0.40475
Pitcairn Islands,1961,0.6144166666666666
Pitcairn Islands,1962,0.06699999999999999
Pitcairn Islands,1963,0.22691666666666668
Pitcairn Islands,1964,0.37366666666666665
Pitcairn Islands,1965,0.02275000000000001
Pitcairn Islands,1966,-0.2813333333333333
Pitcairn Islands,1967,0.3794166666666667
Pitcairn Islands,1968,-0.26466666666666666
Pitcairn Islands,1969,-0.18891666666666665
Pitcairn Islands,1970,0.22616666666666665
Pitcairn Islands,1971,0.14783333333333332
Pitcairn Islands,1972,-0.30609090909090914
Pitcairn Islands,1973,-0.18891666666666665
Pitcairn Islands,1974,-0.108
Pitcairn Islands,1975,-0.016416666666666663
Pitcairn Islands,1976,-0.35641666666666666
Pitcairn Islands,1977,-0.6264166666666667
Pitcairn Islands,1978,-0.1705833333333333
Pitcairn Islands,1979,-0.5296666666666666
Pitcairn Islands,1980,-0.09725
Pitcairn Islands,1981,0.07275
Pitcairn Islands,1982,-0.1471666666666667
Pitcairn Islands,1983,-0.5314166666666666
Pitcairn Islands,1984,0.21533333333333335
Pitcairn Islands,1985,0.6560909090909091
Pitcairn Islands,1986,0.16941666666666666
Pitcairn Islands,1987,-0.29899999999999993
Pitcairn Islands,1988,0.137
Pitcairn Islands,1989,0.28618181818181815
Pitcairn Islands,1990,0.2353333333333333
Pitcairn Islands,1991,-0.3113333333333333
Pitcairn Islands,1992,-0.3021666666666667
Pitcairn Islands,1993,-0.5138
Pitcairn Islands,1994,-0.20299999999999999
Pitcairn Islands,1995,-0.08133333333333334
Pitcairn Islands,1996,-0.16641666666666666
Pitcairn Islands,1997,-0.243
Pitcairn Islands,1998,-0.36725
Pitcairn Islands,1999,
Pitcairn Islands,2000,0.51775
Pitcairn Islands,2001,0.22533333333333336
Pitcairn Islands,2002,0.5719166666666666
Pitcairn Islands,2003,-0.0252222222222222
Pitcairn Islands,2004,-0.645875
Pitcairn Islands,2005,-0.11881818181818181
Pitcairn Islands,2006,0.512
Pitcairn Islands,2007,0.1307
Pitcairn Islands,2008,-0.02327272727272728
Pitcairn Islands,2009,-0.090375
Pitcairn Islands,2010,0.06566666666666669
Pitcairn Islands,2011,0.5876666666666667
Pitcairn Islands,2012,
Pitcairn Islands,2013,
Pitcairn Islands,2014,
Pitcairn Islands,2015,
Pitcairn Islands,2016,
Pitcairn Islands,2017,
Pitcairn Islands,2018,
Pitcairn Islands,2019,
Russian Federation,1961,
Russian Federation,1962,
Russian Federation,1963,
Russian Federation,1964,
Russian Federation,1965,
Russian Federation,1966,
Russian Federation,1967,
Russian Federation,1968,
Russian Federation,1969,
Russian Federation,1970,
Russian Federation,1971,
Russian Federation,1972,
Russian Federation,1973,
Russian Federation,1974,
Russian Federation,1975,
Russian Federation,1976,
Russian Federation,1977,
Russian Federation,1978,
Russian Federation,1979,
Russian Federation,1980,
Russian Federation,1981,
Russian Federation,1982,
Russian Federation,1983,
Russian Federation,1984,
Russian Federation,1985,
Russian Federation,1986,
Russian Federation,1987,
Russian Federation,1988,
Russian Federation,1989,
Russian Federation,1990,
Russian Federation,1991,
Russian Federation,1992,0.5310833333333334
Russian Federation,1993,0.7715000000000001
Russian Federation,1994,0.5531666666666667
Russian Federation,1995,2.2896666666666667
Russian Federation,1996,0.6990833333333333
Russian Federation,1997,1.1381666666666665
Russian Federation,1998,0.17808333333333337
Russian Federation,1999,0.6021666666666666
Russian Federation,2000,0.9415833333333333
Russian Federation,2001,0.94175
Russian Federation,2002,1.3215000000000001
Russian Federation,2003,1.5919999999999999
Russian Federation,2004,1.0014166666666666
Russian Federation,2005,1.9123333333333334
Russian Federation,2006,0.7356666666666666
Russian Federation,2007,2.469333333333333
Russian Federation,2008,2.142583333333333
Russian Federation,2009,0.8620833333333332
Russian Federation,2010,0.9740833333333333
Russian Federation,2011,2.020166666666667
Russian Federation,2012,1.5584999999999998
Russian Federation,2013,1.7038333333333335
Russian Federation,2014,1.531
Russian Federation,2015,2.33725
Russian Federation,2016,2.16825
Russian Federation,2017,2.3738333333333332
Russian Federation,2018,1.8036666666666668
Russian Federation,2019,2.3724166666666666
Saint Pierre and Miquelon,1961,0.07558333333333328
Saint Pierre and Miquelon,1962,-0.20233333333333334
Saint Pierre and Miquelon,1963,-0.22566666666666665
Saint Pierre and Miquelon,1964,-0.4439166666666667
Saint Pierre and Miquelon,1965,-0.5234166666666666
Saint Pierre and Miquelon,1966,0.3465
Saint Pierre and Miquelon,1967,0.12199999999999996
Saint Pierre and Miquelon,1968,0.09275
Saint Pierre and Miquelon,1969,0.8041666666666666
Saint Pierre and Miquelon,1970,0.4784166666666667
Saint Pierre and Miquelon,1971,0.1748333333333333
Saint Pierre and Miquelon,1972,-1.4985
Saint Pierre and Miquelon,1973,-0.22316666666666665
Saint Pierre and Miquelon,1974,-1.1311666666666667
Saint Pierre and Miquelon,1975,-0.9009166666666667
Saint Pierre and Miquelon,1976,-0.13633333333333336
Saint Pierre and Miquelon,1977,0.027750000000000007
Saint Pierre and Miquelon,1978,-0.41683333333333333
Saint Pierre and Miquelon,1979,0.54575
Saint Pierre and Miquelon,1980,-0.34
Saint Pierre and Miquelon,1981,1.1929166666666668
Saint Pierre and Miquelon,1982,-0.6954166666666667
Saint Pierre and Miquelon,1983,0.7105833333333332
Saint Pierre and Miquelon,1984,0.13966666666666666
Saint Pierre and Miquelon,1985,-1.1381666666666665
Saint Pierre and Miquelon,1986,-0.7194166666666666
Saint Pierre and Miquelon,1987,0.06149999999999998
Saint Pierre and Miquelon,1988,0.15741666666666665
Saint Pierre and Miquelon,1989,-0.5295833333333334
Saint Pierre and Miquelon,1990,-0.40408333333333335
Saint Pierre and Miquelon,1991,-1.0119999999999998
Saint Pierre and Miquelon,1992,-1.2349166666666667
Saint Pierre and Miquelon,1993,-0.8811666666666667
Saint Pierre and Miquelon,1994,-0.5476666666666666
Saint Pierre and Miquelon,1995,-0.23008333333333333
Saint Pierre and Miquelon,1996,0.5045833333333333
Saint Pierre and Miquelon,1997,-0.548
Saint Pierre and Miquelon,1998,0.7948333333333334
Saint Pierre and Miquelon,1999,1.89375
Saint Pierre and Miquelon,2000,1.0024166666666667
Saint Pierre and Miquelon,2001,0.8112499999999999
Saint Pierre and Miquelon,2002,-0.2753333333333333
Saint Pierre and Miquelon,2003,0.3025
Saint Pierre and Miquelon,2004,0.4835
Saint Pierre and Miquelon,2005,0.9626666666666667
Saint Pierre and Miquelon,2006,1.6989166666666666
Saint Pierre and Miquelon,2007,0.055749999999999966
Saint Pierre and Miquelon,2008,0.6831666666666667
Saint Pierre and Miquelon,2009,0.6173333333333333
Saint Pierre and Miquelon,2010,1.6130833333333332
Saint Pierre and Miquelon,2011,0.8095833333333333
Saint Pierre and Miquelon,2012,2.0344166666666665
Saint Pierre and Miquelon,2013,0.9878333333333332
Saint Pierre and Miquelon,2014,0.7245833333333334
Saint Pierre and Miquelon,2015,0.07658333333333327
Saint Pierre and Miquelon,2016,0.8391666666666667
Saint Pierre and Miquelon,2017,0.6625
Saint Pierre and Miquelon,2018,0.7351666666666666
Saint Pierre and Miquelon,2019,0.40408333333333335
Serbia,1961,
Serbia,1962,
Serbia,1963,
Serbia,1964,
Serbia,1965,
Serbia,1966,
Serbia,1967,
Serbia,1968,
Serbia,1969,
Serbia,1970,
Serbia,1971,
Serbia,1972,
Serbia,1973,
Serbia,1974,
Serbia,1975,
Serbia,1976,
Serbia,1977,
Serbia,1978,
Serbia,1979,
Serbia,1980,
Serbia,1981,
Serbia,1982,
Serbia,1983,
Serbia,1984,
Serbia,1985,
Serbia,1986,
Serbia,1987,
Serbia,1988,
Serbia,1989,
Serbia,1990,
Serbia,1991,
Serbia,1992,
Serbia,1993,
Serbia,1994,
Serbia,1995,
Serbia,1996,
Serbia,1997,
Serbia,1998,
Serbia,1999,
Serbia,2000,
Serbia,2001,
Serbia,2002,
Serbia,2003,
Serbia,2004,
Serbia,2005,
Serbia,2006,0.61475
Serbia,2007,1.6855
Serbia,2008,1.6076666666666668
Serbia,2009,1.3734166666666665
Serbia,2010,1.0435
Serbia,2011,0.8924166666666666
Serbia,2012,1.4719166666666668
Serbia,2013,1.5476666666666665
Serbia,2014,1.7415833333333335
Serbia,2015,1.79075
Serbia,2016,1.4881666666666666
Serbia,2017,1.529
Serbia,2018,2.1955
Serbia,2019,2.3253333333333335
Singapore,1961,0.025083333333333336
Singapore,1962,-0.1655
Singapore,1963,-0.041166666666666664
Singapore,1964,-0.16941666666666666
Singapore,1965,-0.09908333333333334
Singapore,1966,0.06808333333333333
Singapore,1967,-0.25466666666666665
Singapore,1968,0.15841666666666668
Singapore,1969,0.35400000000000004
Singapore,1970,0.13658333333333333
Singapore,1971,-0.1909166666666667
Singapore,1972,0.22616666666666665
Singapore,1973,0.16125
Singapore,1974,-0.08983333333333332
Singapore,1975,-0.09849999999999999
Singapore,1976,
Singapore,1977,0.2805555555555556
Singapore,1978,0.32925
Singapore,1979,0.41933333333333334
Singapore,1980,0.49275
Singapore,1981,0.3706666666666667
Singapore,1982,0.2664166666666667
Singapore,1983,0.6116666666666667
Singapore,1984,-0.15266666666666667
Singapore,1985,0.19641666666666668
Singapore,1986,0.3475
Singapore,1987,0.46858333333333335
Singapore,1988,0.3780833333333333
Singapore,1989,0.12858333333333336
Singapore,1990,0.6585
Singapore,1991,
Singapore,1992,
Singapore,1993,
Singapore,1994,
Singapore,1995,
Singapore,1996,
Singapore,1997,
Singapore,1998,
Singapore,1999,
Singapore,2000,
Singapore,2001,
Singapore,2002,
Singapore,2003,
Singapore,2004,
Singapore,2005,
Singapore,2006,
Singapore,2007,
Singapore,2008,
Singapore,2009,
Singapore,2010,
Singapore,2011,
Singapore,2012,
Singapore,2013,
Singapore,2014,
Singapore,2015,
Singapore,2016,
Singapore,2017,
Singapore,2018,
Singapore,2019,
Slovakia,1961,
Slovakia,1962,
Slovakia,1963,
Slovakia,1964,
Slovakia,1965,
Slovakia,1966,
Slovakia,1967,
Slovakia,1968,
Slovakia,1969,
Slovakia,1970,
Slovakia,1971,
Slovakia,1972,
Slovakia,1973,
Slovakia,1974,
Slovakia,1975,
Slovakia,1976,
Slovakia,1977,
Slovakia,1978,
Slovakia,1979,
Slovakia,1980,
Slovakia,1981,
Slovakia,1982,
Slovakia,1983,
Slovakia,1984,
Slovakia,1985,
Slovakia,1986,
Slovakia,1987,
Slovakia,1988,
Slovakia,1989,
Slovakia,1990,
Slovakia,1991,
Slovakia,1992,
Slovakia,1993,0.2931666666666667
Slovakia,1994,1.6130833333333332
Slovakia,1995,0.4994166666666667
Slovakia,1996,-0.544
Slovakia,1997,0.158
Slovakia,1998,0.6710833333333334
Slovakia,1999,1.0261666666666667
Slovakia,2000,1.8456666666666666
Slovakia,2001,0.719
Slovakia,2002,1.5893333333333333
Slovakia,2003,0.8948333333333333
Slovakia,2004,0.5885833333333333
Slovakia,2005,0.31949999999999995
Slovakia,2006,0.92
Slovakia,2007,1.91625
Slovakia,2008,1.7528333333333332
Slovakia,2009,1.3820833333333333
Slovakia,2010,0.44849999999999995
Slovakia,2011,1.2689166666666667
Slovakia,2012,1.322
Slovakia,2013,1.234
Slovakia,2014,2.3898333333333333
Slovakia,2015,2.208416666666667
Slovakia,2016,1.6430833333333332
Slovakia,2017,1.444416666666667
Slovakia,2018,2.526333333333333
Slovakia,2019,2.6258333333333335
Slovenia,1961,
Slovenia,1962,
Slovenia,1963,
Slovenia,1964,
Slovenia,1965,
Slovenia,1966,
Slovenia,1967,
Slovenia,1968,
Slovenia,1969,
Slovenia,1970,
Slovenia,1971,
Slovenia,1972,
Slovenia,1973,
Slovenia,1974,
Slovenia,1975,
Slovenia,1976,
Slovenia,1977,
Slovenia,1978,
Slovenia,1979,
Slovenia,1980,
Slovenia,1981,
Slovenia,1982,
Slovenia,1983,
Slovenia,1984,
Slovenia,1985,
Slovenia,1986,
Slovenia,1987,
Slovenia,1988,
Slovenia,1989,
Slovenia,1990,
Slovenia,1991,
Slovenia,1992,1.315
Slovenia,1993,0.6821666666666667
Slovenia,1994,1.9091666666666667
Slovenia,1995,0.6731666666666668
Slovenia,1996,-0.22725000000000004
Slovenia,1997,0.7691666666666667
Slovenia,1998,1.0645833333333334
Slovenia,1999,1.0605833333333334
Slovenia,2000,2.0440833333333335
Slovenia,2001,1.2475833333333333
Slovenia,2002,1.8381666666666667
Slovenia,2003,1.4675833333333335
Slovenia,2004,0.7470833333333333
Slovenia,2005,0.38491666666666663
Slovenia,2006,1.178
Slovenia,2007,1.9301666666666666
Slovenia,2008,1.7535833333333333
Slovenia,2009,1.6142500000000002
Slovenia,2010,0.61275
Slovenia,2011,1.6820833333333332
Slovenia,2012,1.7822500000000001
Slovenia,2013,1.4506666666666668
Slovenia,2014,2.441666666666667
Slovenia,2015,2.1847499999999997
Slovenia,2016,1.8466666666666667
Slovenia,2017,1.7815
Slovenia,2018,2.41725
Slovenia,2019,2.511833333333333
South Georgia and the South Sandwich Islands,1961,-0.27775
South Georgia and the South Sandwich Islands,1962,0.28363636363636363
South Georgia and the South Sandwich Islands,1963,-0.17
South Georgia and the South Sandwich Islands,1964,-0.8805
South Georgia and the South Sandwich Islands,1965,0.25558333333333333
South Georgia and the South Sandwich Islands,1966,-0.4360833333333334
South Georgia and the South Sandwich Islands,1967,-0.08608333333333333
South Georgia and the South Sandwich Islands,1968,0.5389166666666667
South Georgia and the South Sandwich Islands,1969,0.28891666666666665
South Georgia and the South Sandwich Islands,1970,0.013916666666666633
South Georgia and the South Sandwich Islands,1971,0.047249999999999986
South Georgia and the South Sandwich Islands,1972,-0.47775000000000006
South Georgia and the South Sandwich Islands,1973,0.13891666666666666
South Georgia and the South Sandwich Islands,1974,0.09725
South Georgia and the South Sandwich Islands,1975,0.22224999999999998
South Georgia and the South Sandwich Islands,1976,-0.06941666666666668
South Georgia and the South Sandwich Islands,1977,-0.05274999999999999
South Georgia and the South Sandwich Islands,1978,0.35558333333333336
South Georgia and the South Sandwich Islands,1979,0.2414166666666667
South Georgia and the South Sandwich Islands,1980,-0.2610833333333333
South Georgia and the South Sandwich Islands,1981,0.5555833333333333
South Georgia and the South Sandwich Islands,1982,1.52
South Georgia and the South Sandwich Islands,1983,
South Georgia and the South Sandwich Islands,1984,-0.4286666666666667
South Georgia and the South Sandwich Islands,1985,0.28058333333333335
South Georgia and the South Sandwich Islands,1986,0.3389166666666667
South Georgia and the South Sandwich Islands,1987,-0.5644166666666667
South Georgia and the South Sandwich Islands,1988,0.19909090909090912
South Georgia and the South Sandwich Islands,1989,0.7856363636363636
South Georgia and the South Sandwich Islands,1990,0.45975000000000005
South Georgia and the South Sandwich Islands,1991,-0.14858333333333332
South Georgia and the South Sandwich Islands,1992,0.26225000000000004
South Georgia and the South Sandwich Islands,1993,0.5780833333333334
South Georgia and the South Sandwich Islands,1994,-0.4344166666666666
South Georgia and the South Sandwich Islands,1995,0.18808333333333335
South Georgia and the South Sandwich Islands,1996,0.519909090909091
South Georgia and the South Sandwich Islands,1997,0.05757142857142856
South Georgia and the South Sandwich Islands,1998,1.724
South Georgia and the South Sandwich Islands,1999,0.88
South Georgia and the South Sandwich Islands,2000,1.8723333333333334
South Georgia and the South Sandwich Islands,2001,0.5055000000000001
South Georgia and the South Sandwich Islands,2002,-0.2677777777777778
South Georgia and the South Sandwich Islands,2003,0.7262500000000001
South Georgia and the South Sandwich Islands,2004,
South Georgia and the South Sandwich Islands,2005,0.1078888888888889
South Georgia and the South Sandwich Islands,2006,1.0112999999999999
South Georgia and the South Sandwich Islands,2007,0.053636363636363676
South Georgia and the South Sandwich Islands,2008,0.7447500000000001
South Georgia and the South Sandwich Islands,2009,0.06558333333333331
South Georgia and the South Sandwich Islands,2010,0.68
South Georgia and the South Sandwich Islands,2011,0.47909090909090907
South Georgia and the South Sandwich Islands,2012,-0.4260833333333333
South Georgia and the South Sandwich Islands,2013,-0.37274999999999997
South Georgia and the South Sandwich Islands,2014,-0.17858333333333332
South Georgia and the South Sandwich Islands,2015,0.09975
South Georgia and the South Sandwich Islands,2016,-0.22941666666666663
South Georgia and the South Sandwich Islands,2017,0.8289166666666666
South Georgia and the South Sandwich Islands,2018,0.7164166666666668
South Georgia and the South Sandwich Islands,2019,0.03225
South Sudan,1961,
South Sudan,1962,
South Sudan,1963,
South Sudan,1964,
South Sudan,1965,
South Sudan,1966,
South Sudan,1967,
South Sudan,1968,
South Sudan,1969,
South Sudan,1970,
South Sudan,1971,
South Sudan,1972,
South Sudan,1973,
South Sudan,1974,
South Sudan,1975,
South Sudan,1976,
South Sudan,1977,
South Sudan,1978,
South Sudan,1979,
South Sudan,1980,
South Sudan,1981,
South Sudan,1982,
South Sudan,1983,
South Sudan,1984,
South Sudan,1985,
South Sudan,1986,
South Sudan,1987,
South Sudan,1988,
South Sudan,1989,
South Sudan,1990,
South Sudan,1991,
South Sudan,1992,
South Sudan,1993,
South Sudan,1994,
South Sudan,1995,
South Sudan,1996,
South Sudan,1997,
South Sudan,1998,
South Sudan,1999,
South Sudan,2000,
South Sudan,2001,
South Sudan,2002,
South Sudan,2003,
South Sudan,2004,
South Sudan,2005,
South Sudan,2006,
South Sudan,2007,
South Sudan,2008,
South Sudan,2009,
South Sudan,2010,
South Sudan,2011,1.3613333333333333
South Sudan,2012,1.34875
South Sudan,2013,1.2679166666666666
South Sudan,2014,0.80775
South Sudan,2015,1.1984166666666667
South Sudan,2016,1.60475
South Sudan,2017,1.2924166666666668
South Sudan,2018,1.0896666666666668
South Sudan,2019,1.0151666666666668
Sudan,1961,
Sudan,1962,
Sudan,1963,
Sudan,1964,
Sudan,1965,
Sudan,1966,
Sudan,1967,
Sudan,1968,
Sudan,1969,
Sudan,1970,
Sudan,1971,
Sudan,1972,
Sudan,1973,
Sudan,1974,
Sudan,1975,
Sudan,1976,
Sudan,1977,
Sudan,1978,
Sudan,1979,
Sudan,1980,
Sudan,1981,
Sudan,1982,
Sudan,1983,
Sudan,1984,
Sudan,1985,
Sudan,1986,
Sudan,1987,
Sudan,1988,
Sudan,1989,
Sudan,1990,
Sudan,1991,
Sudan,1992,
Sudan,1993,
Sudan,1994,
Sudan,1995,
Sudan,1996,
Sudan,1997,
Sudan,1998,
Sudan,1999,
Sudan,2000,
Sudan,2001,
Sudan,2002,
Sudan,2003,
Sudan,2004,
Sudan,2005,
Sudan,2006,
Sudan,2007,
Sudan,2008,
Sudan,2009,
Sudan,2010,
Sudan,2011,0.9399166666666666
Sudan,2012,1.1091666666666666
Sudan,2013,1.2494166666666666
Sudan,2014,1.139
Sudan,2015,1.3065
Sudan,2016,1.6071666666666669
Sudan,2017,1.4460833333333334
Sudan,2018,1.1668333333333334
Sudan,2019,1.0470833333333334
Turkmenistan,1961,
Turkmenistan,1962,
Turkmenistan,1963,
Turkmenistan,1964,
Turkmenistan,1965,
Turkmenistan,1966,
Turkmenistan,1967,
Turkmenistan,1968,
Turkmenistan,1969,
Turkmenistan,1970,
Turkmenistan,1971,
Turkmenistan,1972,
Turkmenistan,1973,
Turkmenistan,1974,
Turkmenistan,1975,
Turkmenistan,1976,
Turkmenistan,1977,
Turkmenistan,1978,
Turkmenistan,1979,
Turkmenistan,1980,
Turkmenistan,1981,
Turkmenistan,1982,
Turkmenistan,1983,
Turkmenistan,1984,
Turkmenistan,1985,
Turkmenistan,1986,
Turkmenistan,1987,
Turkmenistan,1988,
Turkmenistan,1989,
Turkmenistan,1990,
Turkmenistan,1991,
Turkmenistan,1992,0.05300000000000001
Turkmenistan,1993,-0.34175
Turkmenistan,1994,0.3718333333333333
Turkmenistan,1995,1.4530833333333335
Turkmenistan,1996,0.2721666666666667
Turkmenistan,1997,1.24225
Turkmenistan,1998,1.1975
Turkmenistan,1999,1.3659166666666664
Turkmenistan,2000,1.3549166666666668
Turkmenistan,2001,1.5333333333333332
Turkmenistan,2002,1.3176666666666665
Turkmenistan,2003,0.5730000000000001
Turkmenistan,2004,1.5976666666666668
Turkmenistan,2005,1.54125
Turkmenistan,2006,1.3836666666666666
Turkmenistan,2007,1.2145
Turkmenistan,2008,0.8019999999999999
Turkmenistan,2009,1.2890833333333334
Turkmenistan,2010,1.970666666666667
Turkmenistan,2011,0.7453333333333334
Turkmenistan,2012,0.8478333333333333
Turkmenistan,2013,1.8678333333333335
Turkmenistan,2014,0.8236666666666665
Turkmenistan,2015,1.6289999999999998
Turkmenistan,2016,2.0029999999999997
Turkmenistan,2017,1.6183333333333334
Turkmenistan,2018,1.7879166666666668
Turkmenistan,2019,1.9551666666666667
USSR,1961,0.7120000000000001
USSR,1962,0.33808333333333335
USSR,1963,0.16558333333333333
USSR,1964,-0.54125
USSR,1965,-0.2740833333333334
USSR,1966,0.7600833333333333
USSR,1967,0.125
USSR,1968,0.021583333333333326
USSR,1969,-1.0946666666666667
USSR,1970,0.2635
USSR,1971,0.5974166666666667
USSR,1972,-0.40549999999999997
USSR,1973,0.15391666666666667
USSR,1974,-0.0060833333333333095
USSR,1975,0.8633333333333333
USSR,1976,-0.7146666666666667
USSR,1977,0.18899999999999997
USSR,1978,-0.13391666666666668
USSR,1979,0.48533333333333334
USSR,1980,0.00674999999999996
USSR,1981,0.73725
USSR,1982,0.042333333333333334
USSR,1983,0.9841666666666667
USSR,1984,-0.05958333333333332
USSR,1985,-0.30583333333333335
USSR,1986,0.24358333333333335
USSR,1987,-0.4673333333333333
USSR,1988,0.5185
USSR,1989,1.015
USSR,1990,1.1605833333333333
USSR,1991,0.615
USSR,1992,
USSR,1993,
USSR,1994,
USSR,1995,
USSR,1996,
USSR,1997,
USSR,1998,
USSR,1999,
USSR,2000,
USSR,2001,
USSR,2002,
USSR,2003,
USSR,2004,
USSR,2005,
USSR,2006,
USSR,2007,
USSR,2008,
USSR,2009,
USSR,2010,
USSR,2011,
USSR,2012,
USSR,2013,
USSR,2014,
USSR,2015,
USSR,2016,
USSR,2017,
USSR,2018,
USSR,2019,
Ukraine,1961,
Ukraine,1962,
Ukraine,1963,
Ukraine,1964,
Ukraine,1965,
Ukraine,1966,
Ukraine,1967,
Ukraine,1968,
Ukraine,1969,
Ukraine,1970,
Ukraine,1971,
Ukraine,1972,
Ukraine,1973,
Ukraine,1974,
Ukraine,1975,
Ukraine,1976,
Ukraine,1977,
Ukraine,1978,
Ukraine,1979,
Ukraine,1980,
Ukraine,1981,
Ukraine,1982,
Ukraine,1983,
Ukraine,1984,
Ukraine,1985,
Ukraine,1986,
Ukraine,1987,
Ukraine,1988,
Ukraine,1989,
Ukraine,1990,
Ukraine,1991,
Ukraine,1992,0.42758333333333326
Ukraine,1993,-0.45625000000000004
Ukraine,1994,0.8800833333333333
Ukraine,1995,0.8124166666666667
Ukraine,1996,-0.3165833333333334
Ukraine,1997,-0.27025
Ukraine,1998,0.5756666666666667
Ukraine,1999,1.5854166666666665
Ukraine,2000,1.4765833333333334
Ukraine,2001,1.1295
Ukraine,2002,1.4299166666666665
Ukraine,2003,0.3615
Ukraine,2004,0.9733333333333333
Ukraine,2005,0.9881666666666667
Ukraine,2006,0.43966666666666665
Ukraine,2007,2.1438333333333333
Ukraine,2008,1.68725
Ukraine,2009,1.49
Ukraine,2010,1.6156666666666668
Ukraine,2011,0.866
Ukraine,2012,1.4625833333333331
Ukraine,2013,1.75025
Ukraine,2014,1.6155
Ukraine,2015,2.2825
Ukraine,2016,1.737
Ukraine,2017,1.8549999999999998
Ukraine,2018,1.89025
Ukraine,2019,2.70225
Yemen,1961,0.021166666666666677
Yemen,1962,-0.005250000000000002
Yemen,1963,0.16825
Yemen,1964,-0.34850000000000003
Yemen,1965,-0.5545833333333333
Yemen,1966,0.06199999999999998
Yemen,1967,-0.23508333333333334
Yemen,1968,-0.15116666666666667
Yemen,1969,0.18325
Yemen,1970,0.3455
Yemen,1971,-0.25525
Yemen,1972,0.10733333333333332
Yemen,1973,0.24991666666666668
Yemen,1974,-0.12366666666666666
Yemen,1975,-0.022750000000000003
Yemen,1976,0.0255
Yemen,1977,0.37274999999999997
Yemen,1978,0.42875
Yemen,1979,0.5405
Yemen,1980,0.8485
Yemen,1981,0.01608333333333334
Yemen,1982,0.04724999999999999
Yemen,1983,0.06758333333333334
Yemen,1984,0.30783333333333335
Yemen,1985,0.4831666666666667
Yemen,1986,-0.10841666666666666
Yemen,1987,0.20266666666666663
Yemen,1988,0.9263
Yemen,1989,0.36400000000000005
Yemen,1990,0.41091666666666665
Yemen,1991,0.12525
Yemen,1992,0.093
Yemen,1993,-0.08519999999999998
Yemen,1994,-0.1602857142857143
Yemen,1995,0.11533333333333333
Yemen,1996,0.62475
Yemen,1997,0.4341428571428571
Yemen,1998,1.5326666666666666
Yemen,1999,
Yemen,2000,
Yemen,2001,
Yemen,2002,
Yemen,2003,
Yemen,2004,
Yemen,2005,
Yemen,2006,
Yemen,2007,
Yemen,2008,
Yemen,2009,
Yemen,2010,
Yemen,2011,
Yemen,2012,
Yemen,2013,
Yemen,2014,
Yemen,2015,
Yemen,2016,
Yemen,2017,
Yemen,2018,
Yemen,2019,
Yugoslav SFR,1961,0.59475
Yugoslav SFR,1962,-0.3055833333333334
Yugoslav SFR,1963,-0.1436666666666667
Yugoslav SFR,1964,-0.2970833333333333
Yugoslav SFR,1965,-0.4445833333333334
Yugoslav SFR,1966,0.55675
Yugoslav SFR,1967,0.17149999999999996
Yugoslav SFR,1968,0.14466666666666664
Yugoslav SFR,1969,-0.28874999999999995
Yugoslav SFR,1970,-0.10041666666666665
Yugoslav SFR,1971,-0.10941666666666668
Yugoslav SFR,1972,0.03383333333333336
Yugoslav SFR,1973,-0.29233333333333333
Yugoslav SFR,1974,0.13016666666666665
Yugoslav SFR,1975,0.2838333333333334
Yugoslav SFR,1976,-0.5701666666666667
Yugoslav SFR,1977,0.5361666666666667
Yugoslav SFR,1978,-0.5955833333333334
Yugoslav SFR,1979,0.27258333333333334
Yugoslav SFR,1980,-0.70375
Yugoslav SFR,1981,-0.018750000000000055
Yugoslav SFR,1982,0.39225000000000004
Yugoslav SFR,1983,0.27741666666666664
Yugoslav SFR,1984,-0.25
Yugoslav SFR,1985,-0.2376666666666667
Yugoslav SFR,1986,0.07100000000000006
Yugoslav SFR,1987,0.032833333333333284
Yugoslav SFR,1988,0.38958333333333334
Yugoslav SFR,1989,0.46625000000000005
Yugoslav SFR,1990,0.9055
Yugoslav SFR,1991,-0.3095833333333333
Yugoslav SFR,1992,
Yugoslav SFR,1993,
Yugoslav SFR,1994,
Yugoslav SFR,1995,
Yugoslav SFR,1996,
Yugoslav SFR,1997,
Yugoslav SFR,1998,
Yugoslav SFR,1999,
Yugoslav SFR,2000,
Yugoslav SFR,2001,
Yugoslav SFR,2002,
Yugoslav SFR,2003,
Yugoslav SFR,2004,
Yugoslav SFR,2005,
Yugoslav SFR,2006,
Yugoslav SFR,2007,
Yugoslav SFR,2008,
Yugoslav SFR,2009,
Yugoslav SFR,2010,
Yugoslav SFR,2011,
Yugoslav SFR,2012,
Yugoslav SFR,2013,
Yugoslav SFR,2014,
Yugoslav SFR,2015,
Yugoslav SFR,2016,
Yugoslav SFR,2017,
Yugoslav SFR,2018,
Yugoslav SFR,2019,
